date,Average_Score,Stock
2009-08-10,0.998825341463089,HD
2009-08-12,0.0,HD
2009-08-13,0.9476910829544068,HD
2009-08-16,0.0,HD
2009-08-17,0.0,HD
2009-08-18,0.0,HD
2009-08-27,0.9996337890625,HD
2009-09-02,0.0,HD
2009-09-03,0.9893890917301178,HD
2009-09-04,0.0,HD
2009-09-08,0.0,HD
2009-09-09,0.0,HD
2009-09-10,0.9956753849983216,HD
2009-09-11,0.0,HD
2009-09-15,0.0,HD
2009-09-24,0.0,HD
2009-10-01,0.998991310596466,HD
2009-10-24,0.9993846416473388,HD
2009-11-09,0.9995753169059752,HD
2009-11-10,-0.9984229803085328,HD
2009-11-11,0.9994401335716248,HD
2009-11-12,0.0,HD
2009-11-16,0.0,HD
2009-11-17,0.999686598777771,HD
2009-11-18,0.9994961023330688,HD
2009-11-23,0.996585249900818,HD
2009-11-28,-0.9412469863891602,HD
2009-11-30,0.969148337841034,HD
2009-12-02,0.9922327399253844,HD
2009-12-04,0.9991797804832458,HD
2009-12-15,0.9993032217025756,HD
2009-12-16,-0.9981355667114258,HD
2009-12-17,0.6359455585479736,HD
2009-12-21,0.0,HD
2009-12-22,0.0,HD
2009-12-23,-0.9985058307647704,HD
2009-12-28,0.999445915222168,HD
2010-01-05,-0.9983766078948976,HD
2010-01-07,0.9929074048995972,HD
2010-01-12,0.9996788501739502,HD
2010-01-14,0.9996910095214844,HD
2010-01-21,0.999363124370575,HD
2010-01-26,-0.9918518662452698,HD
2010-02-03,0.0,HD
2010-02-05,0.0,HD
2010-02-08,0.0,HD
2010-02-09,0.0,HD
2010-02-17,0.507013201713562,HD
2010-02-19,-0.9981797933578492,HD
2010-02-22,-0.9945599436759948,HD
2010-02-23,0.9988131284713745,HD
2010-02-24,-0.007689774036407582,HD
2010-02-25,0.0,HD
2010-03-04,0.0,HD
2010-03-06,0.8111110925674438,HD
2010-03-12,0.9993972778320312,HD
2010-03-16,0.0,HD
2010-03-17,0.0,HD
2010-03-19,0.9995579123497008,HD
2010-03-20,0.0,HD
2010-03-23,-0.9986514449119568,HD
2010-03-25,-0.6081052422523499,HD
2010-04-06,0.0,HD
2010-04-07,0.9717341661453247,HD
2010-04-08,0.0,HD
2010-04-12,0.0,HD
2010-04-14,0.0,HD
2010-04-19,0.0,HD
2010-04-23,0.9996337890625,HD
2010-04-29,0.0,HD
2010-05-02,0.0,HD
2010-05-13,0.9989627599716188,HD
2010-05-14,0.0,HD
2010-05-16,0.0,HD
2010-05-17,-0.08585745096206654,HD
2010-05-18,0.0028919378916421046,HD
2010-05-19,0.997670829296112,HD
2010-05-25,-0.9956775307655334,HD
2010-05-26,0.9472397863864899,HD
2010-05-28,0.9996520280838012,HD
2010-06-04,0.0,HD
2010-06-09,0.0,HD
2010-06-10,0.48959964513778687,HD
2010-06-11,0.0,HD
2010-06-14,-0.9272161722183228,HD
2010-06-16,0.0,HD
2010-06-17,0.9995436072349548,HD
2010-06-22,0.0,HD
2010-06-23,-0.9984049201011658,HD
2010-06-24,0.0,HD
2010-06-28,0.0014036297798155628,HD
2010-06-30,-0.997021496295929,HD
2010-07-01,0.0012536048889160156,HD
2010-07-02,0.0,HD
2010-07-06,-0.01363152265548695,HD
2010-07-07,0.0,HD
2010-07-14,0.0,HD
2010-07-16,0.0,HD
2010-07-19,0.9980791807174684,HD
2010-07-25,0.0,HD
2010-07-27,0.0,HD
2010-07-28,0.003662109375,HD
2010-07-29,-0.9983831644058228,HD
2010-07-30,0.0,HD
2010-08-04,0.0,HD
2010-08-11,0.9980443716049194,HD
2010-08-12,0.994073212146759,HD
2010-08-13,0.0,HD
2010-08-15,0.0,HD
2010-08-16,-0.9880405068397522,HD
2010-08-17,0.0020157959726122554,HD
2010-08-18,-0.2511454075574875,HD
2010-08-19,0.0,HD
2010-08-20,0.0,HD
2010-08-25,0.0,HD
2010-08-26,0.0,HD
2010-09-02,0.0,HD
2010-09-03,0.0,HD
2010-09-08,0.0,HD
2010-09-09,0.6659109592437744,HD
2010-09-10,0.0,HD
2010-09-13,0.0,HD
2010-09-14,0.9996577501296996,HD
2010-09-15,0.0,HD
2010-09-16,0.0,HD
2010-09-20,0.0,HD
2010-09-30,-0.6030414700508118,HD
2010-10-05,-0.9943295121192932,HD
2010-10-06,0.0,HD
2010-10-07,0.9786952137947084,HD
2010-10-08,0.0,HD
2010-10-11,0.0,HD
2010-10-14,0.0,HD
2010-10-18,0.9996622800827026,HD
2010-10-19,0.022834420204162598,HD
2010-10-21,0.0,HD
2010-10-22,0.0,HD
2010-10-25,0.0,HD
2010-10-27,0.0,HD
2010-11-02,0.0,HD
2010-11-03,0.0,HD
2010-11-04,0.0,HD
2010-11-08,0.960811197757721,HD
2010-11-12,0.0,HD
2010-11-15,0.0,HD
2010-11-16,0.009492169533457107,HD
2010-11-17,0.9996139407157898,HD
2010-11-18,0.0,HD
2010-11-22,0.0,HD
2010-11-23,0.0,HD
2010-11-24,0.0,HD
2010-11-25,0.0,HD
2010-11-26,0.9990978240966796,HD
2010-11-29,0.0,HD
2010-12-01,0.0,HD
2010-12-02,0.9995405673980712,HD
2010-12-07,0.9996469020843506,HD
2010-12-08,0.9994638860225677,HD
2010-12-09,0.9995373686154684,HD
2010-12-14,0.9992923736572266,HD
2010-12-15,0.0,HD
2010-12-16,0.0,HD
2010-12-22,0.0,HD
2010-12-23,0.0,HD
2010-12-27,0.0,HD
2010-12-29,0.0,HD
2011-01-03,0.9971328973770142,HD
2011-01-04,0.0,HD
2011-01-05,0.0,HD
2011-01-06,0.9781705737113952,HD
2011-01-11,0.9996515512466432,HD
2011-01-12,0.0,HD
2011-01-13,0.0,HD
2011-01-15,0.0,HD
2011-01-18,-0.994280219078064,HD
2011-01-19,0.0,HD
2011-01-20,0.5348173081874847,HD
2011-01-21,0.0,HD
2011-01-26,-0.9852251410484314,HD
2011-01-27,0.9996545314788818,HD
2011-01-28,0.0,HD
2011-01-31,0.9371862411499025,HD
2011-02-03,0.0,HD
2011-02-04,0.9997108578681946,HD
2011-02-16,0.0,HD
2011-02-18,0.9990644752979279,HD
2011-02-22,0.009457538525263653,HD
2011-02-23,0.9988804012537003,HD
2011-02-24,-0.9985034465789796,HD
2011-03-02,0.0,HD
2011-03-15,0.0,HD
2011-03-22,0.0,HD
2011-03-23,0.99950110912323,HD
2011-03-24,0.0,HD
2011-03-28,0.0,HD
2011-03-29,0.0035887559254965673,HD
2011-03-30,0.0,HD
2011-04-12,0.0,HD
2011-04-13,0.0,HD
2011-04-14,0.0,HD
2011-04-18,0.0,HD
2011-04-25,0.0,HD
2011-04-26,-0.6273971796035767,HD
2011-04-28,0.0,HD
2011-05-02,0.0,HD
2011-05-06,0.0,HD
2011-05-09,0.0,HD
2011-05-12,0.0,HD
2011-05-16,0.997904658317566,HD
2011-05-17,0.9572938531637192,HD
2011-05-18,0.9982635676860809,HD
2011-05-19,0.0,HD
2011-05-22,0.0,HD
2011-05-23,0.0,HD
2011-05-24,0.9669657945632936,HD
2011-05-25,0.0,HD
2011-05-27,0.0,HD
2011-06-02,-0.9078466892242432,HD
2011-06-07,0.0,HD
2011-06-08,0.0,HD
2011-06-10,0.0,HD
2011-06-14,0.9984790682792664,HD
2011-06-15,0.9910265803337096,HD
2011-06-16,0.9993797540664672,HD
2011-06-23,0.0,HD
2011-06-27,0.0,HD
2011-06-28,0.0,HD
2011-06-30,0.9936617612838744,HD
2011-07-01,0.0,HD
2011-07-05,0.0,HD
2011-07-18,0.0,HD
2011-07-19,0.0,HD
2011-07-21,0.0,HD
2011-07-22,0.0,HD
2011-07-26,-0.9947128891944884,HD
2011-07-28,0.001287519931793324,HD
2011-08-01,0.9936109185218812,HD
2011-08-04,0.0,HD
2011-08-07,0.0,HD
2011-08-10,0.9033759534358978,HD
2011-08-11,0.9996168613433838,HD
2011-08-12,0.0,HD
2011-08-14,0.0,HD
2011-08-15,-0.9891154766082764,HD
2011-08-16,0.9886318147182465,HD
2011-08-17,0.8431255102157593,HD
2011-08-18,0.0,HD
2011-08-30,0.9992172718048096,HD
2011-09-07,0.0,HD
2011-09-15,0.9963108897209167,HD
2011-09-21,0.0,HD
2011-09-28,0.0,HD
2011-10-04,0.0,HD
2011-10-05,-0.997584581375122,HD
2011-10-06,0.0,HD
2011-10-07,0.0,HD
2011-10-11,-0.9949164390563964,HD
2011-10-17,0.9988896250724792,HD
2011-10-18,0.0,HD
2011-10-24,0.9990772008895874,HD
2011-10-25,0.0,HD
2011-11-07,0.9995813965797424,HD
2011-11-09,0.9996846914291382,HD
2011-11-11,0.9996652901172638,HD
2011-11-13,0.0,HD
2011-11-14,0.9967376589775084,HD
2011-11-15,0.004502654075622559,HD
2011-11-16,0.9993452231089274,HD
2011-11-21,0.9994237422943116,HD
2011-11-22,0.0,HD
2011-11-28,0.9995813965797424,HD
2011-11-29,0.0,HD
2011-11-30,0.9992788434028624,HD
2011-12-01,0.0,HD
2011-12-02,0.9993146657943726,HD
2011-12-05,0.9991709887981415,HD
2011-12-06,0.9992345571517944,HD
2011-12-07,0.9985471069812775,HD
2011-12-08,-0.5368198156356812,HD
2011-12-12,-0.998303771018982,HD
2011-12-19,0.0,HD
2011-12-20,0.9991400241851808,HD
2011-12-21,0.9992619156837464,HD
2011-12-22,0.9990177154541016,HD
2011-12-27,0.9850421249866486,HD
2011-12-29,0.0,HD
2012-01-03,0.9993314743041992,HD
2012-01-04,0.0005706548690794788,HD
2012-01-05,0.999333679676056,HD
2012-01-06,0.9986386299133301,HD
2012-01-09,0.9981318116188048,HD
2012-01-11,0.9497963488101959,HD
2012-01-12,0.9993420243263244,HD
2012-01-17,0.9993582367897034,HD
2012-01-18,0.9995381236076355,HD
2012-01-19,0.9990864098072052,HD
2012-01-20,0.0,HD
2012-01-23,0.0,HD
2012-01-25,-0.9987586736679076,HD
2012-01-30,0.9957369565963744,HD
2012-01-31,0.0,HD
2012-02-01,-0.998769223690033,HD
2012-02-07,0.9993213415145874,HD
2012-02-08,0.9996089339256288,HD
2012-02-13,0.9993002414703368,HD
2012-02-14,0.9992337226867676,HD
2012-02-15,-0.998781144618988,HD
2012-02-16,0.9993114471435548,HD
2012-02-17,0.9979588985443116,HD
2012-02-19,0.0,HD
2012-02-21,0.9983463048934936,HD
2012-02-22,0.0005157391230263819,HD
2012-02-24,0.99964439868927,HD
2012-02-26,0.0,HD
2012-02-27,0.9993999004364014,HD
2012-02-28,-0.9982032775878906,HD
2012-02-29,0.9996392726898192,HD
2012-03-01,0.0,HD
2012-03-06,0.0,HD
2012-03-08,0.9886956214904784,HD
2012-03-12,0.0,HD
2012-03-13,0.0,HD
2012-03-14,-0.998767912387848,HD
2012-03-16,0.0,HD
2012-03-19,0.0,HD
2012-03-20,0.9814625978469848,HD
2012-03-21,-0.00013387203216541632,HD
2012-03-23,0.999514102935791,HD
2012-03-26,0.9985445737838744,HD
2012-03-28,-0.9987723231315612,HD
2012-04-04,0.9997206330299376,HD
2012-04-05,0.0,HD
2012-04-10,0.0,HD
2012-04-14,-0.966517448425293,HD
2012-04-16,0.9427172690629959,HD
2012-04-17,0.0,HD
2012-04-19,0.9995007514953612,HD
2012-04-20,0.9993237853050232,HD
2012-04-23,0.0,HD
2012-04-24,0.99964439868927,HD
2012-04-26,0.9996802806854248,HD
2012-05-01,0.9990097284317015,HD
2012-05-02,0.9997192025184632,HD
2012-05-06,0.0,HD
2012-05-07,0.0,HD
2012-05-09,0.9997202754020692,HD
2012-05-10,0.9996867179870604,HD
2012-05-13,0.0,HD
2012-05-14,0.0,HD
2012-05-15,-6.662607192997605e-05,HD
2012-05-16,0.9997171759605408,HD
2012-05-20,-0.9976816177368164,HD
2012-05-21,-0.9982385635375975,HD
2012-05-22,0.9996610879898072,HD
2012-05-23,0.9997192025184632,HD
2012-05-24,0.999584972858429,HD
2012-05-30,-0.998759388923645,HD
2012-05-31,0.0,HD
2012-06-04,-0.9980935454368592,HD
2012-06-05,-0.9952325224876404,HD
2012-06-06,-0.10244256258010875,HD
2012-06-07,0.0017195940017700195,HD
2012-06-20,0.9994744658470154,HD
2012-06-21,0.9995007514953612,HD
2012-06-25,0.9996578693389891,HD
2012-06-26,0.9996373653411864,HD
2012-06-27,-0.9986425042152404,HD
2012-07-03,0.0,HD
2012-07-17,-0.9981139898300172,HD
2012-07-18,0.0,HD
2012-08-06,0.0,HD
2012-08-07,0.5472543239593506,HD
2012-08-08,-0.9979384541511536,HD
2012-08-13,0.9985498785972596,HD
2012-08-14,0.0009935379028320757,HD
2012-08-15,0.12875886261463165,HD
2012-08-17,0.9994770884513856,HD
2012-08-20,0.0,HD
2012-08-21,-0.9981741905212402,HD
2012-08-22,0.0,HD
2012-08-24,0.999563992023468,HD
2012-08-28,0.0,HD
2012-08-29,0.0,HD
2012-08-30,0.0,HD
2012-09-11,0.0,HD
2012-09-13,0.0,HD
2012-09-17,0.0,HD
2012-09-21,0.0,HD
2012-09-24,0.0,HD
2012-09-25,0.9987016916275024,HD
2012-10-08,0.9994277358055116,HD
2012-10-10,-0.13826072216033924,HD
2012-10-11,0.0,HD
2012-10-15,0.0,HD
2012-10-17,0.796964704990387,HD
2012-10-22,0.0,HD
2012-10-29,0.9209333658218384,HD
2012-11-01,0.0,HD
2012-11-03,0.0,HD
2012-11-04,0.0,HD
2012-11-05,0.024617016315460316,HD
2012-11-06,-0.9985371828079224,HD
2012-11-09,0.9989207088947296,HD
2012-11-11,0.0,HD
2012-11-12,0.0,HD
2012-11-13,0.004706093243190268,HD
2012-11-14,0.004919769035445332,HD
2012-11-15,0.0,HD
2012-11-16,-0.9985723495483398,HD
2012-11-18,0.0,HD
2012-11-20,0.9991439580917358,HD
2012-11-26,0.0,HD
2012-12-04,0.996492087841034,HD
2012-12-12,-0.5591883063316345,HD
2012-12-13,0.0,HD
2012-12-18,0.0,HD
2012-12-29,0.0,HD
2012-12-30,0.0,HD
2013-01-08,0.0,HD
2013-01-17,0.9955554604530334,HD
2013-01-18,0.9994487166404724,HD
2013-01-22,0.0,HD
2013-01-23,0.998176097869873,HD
2013-01-30,-0.9971053004264832,HD
2013-01-31,0.0,HD
2013-02-06,0.0,HD
2013-02-08,0.0,HD
2013-02-11,0.0,HD
2013-02-12,-0.9984995126724244,HD
2013-02-14,0.9969823956489564,HD
2013-02-18,0.0,HD
2013-02-21,-0.9966041445732117,HD
2013-02-22,0.9439826160669327,HD
2013-02-23,0.0,HD
2013-02-24,0.0,HD
2013-02-25,0.0,HD
2013-02-26,-0.005710309743881203,HD
2013-02-27,0.007377922534942627,HD
2013-02-28,0.999637484550476,HD
2013-03-02,-0.9981330037117004,HD
2013-03-03,0.983361542224884,HD
2013-03-05,0.999647855758667,HD
2013-03-06,0.8422382473945618,HD
2013-03-14,0.9991827607154846,HD
2013-03-18,0.0,HD
2013-03-20,0.0,HD
2013-03-21,0.7872534394264221,HD
2013-03-25,0.0,HD
2013-03-26,0.0,HD
2013-03-28,0.0,HD
2013-03-29,0.9995467066764832,HD
2013-04-02,0.0,HD
2013-04-08,0.9679319262504578,HD
2013-04-10,0.0,HD
2013-04-11,-0.9927138686180116,HD
2013-04-12,0.9237547715504965,HD
2013-04-18,-0.9851550459861756,HD
2013-04-25,0.0,HD
2013-04-26,0.0,HD
2013-04-29,0.0,HD
2013-04-30,0.0,HD
2013-05-06,-0.9983296990394592,HD
2013-05-12,0.0,HD
2013-05-15,-0.995880961418152,HD
2013-05-17,0.998703122138977,HD
2013-05-19,0.0,HD
2013-05-21,0.0009447559714318432,HD
2013-05-22,0.8481036424636841,HD
2013-05-23,-0.8065298199653625,HD
2013-05-29,0.0,HD
2013-06-04,0.0,HD
2013-06-14,-0.9933063387870787,HD
2013-06-17,0.0,HD
2013-06-18,0.99956077337265,HD
2013-06-19,0.9963634610176086,HD
2013-06-24,0.0,HD
2013-06-26,-0.9961147308349608,HD
2013-06-28,0.9014606475830078,HD
2013-06-29,0.999603807926178,HD
2013-07-10,0.9773125946521758,HD
2013-07-14,0.7883658409118652,HD
2013-07-25,-0.9238563776016235,HD
2013-08-05,0.782037079334259,HD
2013-08-10,-0.9878143072128296,HD
2013-08-14,-0.9927555918693542,HD
2013-08-16,0.0,HD
2013-08-18,0.0,HD
2013-08-20,0.005297750234603882,HD
2013-08-21,-0.10780968268712376,HD
2013-08-22,0.0,HD
2013-08-23,0.0,HD
2013-08-26,-0.7781506776809692,HD
2013-08-27,0.0,HD
2013-08-30,0.0,HD
2013-09-03,0.9990999698638916,HD
2013-09-05,0.0,HD
2013-10-01,0.0,HD
2013-10-02,0.0,HD
2013-10-14,0.0,HD
2013-10-15,0.9993417859077454,HD
2013-10-16,0.0,HD
2013-10-17,0.0,HD
2013-10-18,-0.9974832236766814,HD
2013-10-22,0.0,HD
2013-10-24,0.9995300769805908,HD
2013-10-25,0.0,HD
2013-10-29,0.0,HD
2013-11-01,0.918429672718048,HD
2013-11-04,0.0,HD
2013-11-10,0.0,HD
2013-11-14,0.0,HD
2013-11-15,0.0,HD
2013-11-16,0.0,HD
2013-11-17,0.0,HD
2013-11-18,0.0,HD
2013-11-19,-0.01941305398941029,HD
2013-11-20,0.9380597323179245,HD
2013-11-23,0.0,HD
2013-11-27,0.0,HD
2013-12-02,0.0,HD
2013-12-05,0.0,HD
2013-12-06,0.0,HD
2013-12-11,-0.011662205060323116,HD
2013-12-12,0.9975765347480774,HD
2013-12-13,-0.030373454093932994,HD
2013-12-16,0.999526023864746,HD
2014-01-02,0.998176097869873,HD
2014-01-13,-0.9983955025672911,HD
2014-01-23,0.0,HD
2014-01-29,0.0,HD
2014-02-11,0.0,HD
2014-02-12,0.0,HD
2014-02-21,0.0,HD
2014-02-24,-0.9876807928085328,HD
2014-02-25,-0.0003272920846939531,HD
2014-02-26,-0.9975035786628724,HD
2014-02-28,0.0,HD
2014-03-03,0.0,HD
2014-03-06,0.99959534406662,HD
2014-03-12,0.9986513257026672,HD
2014-03-14,-0.9983012080192566,HD
2014-03-19,0.9992795586586,HD
2014-04-02,0.0,HD
2014-04-07,0.0,HD
2014-04-08,0.0,HD
2014-04-20,0.0,HD
2014-04-21,0.9996460676193236,HD
2014-04-22,0.999710977077484,HD
2014-04-28,0.0,HD
2014-05-14,0.8617818355560303,HD
2014-05-15,0.0,HD
2014-05-16,0.0,HD
2014-05-18,-0.9953835606575012,HD
2014-05-19,0.0,HD
2014-05-20,-0.005287629365920976,HD
2014-05-21,-0.996574640274048,HD
2014-05-22,0.9995169639587402,HD
2014-05-23,0.0,HD
2014-06-02,0.0,HD
2014-06-03,0.0,HD
2014-06-10,0.0,HD
2014-06-23,0.0,HD
2014-06-24,-0.9941191673278807,HD
2014-06-25,0.9989078044891356,HD
2014-06-27,0.0,HD
2014-07-03,-0.8223637938499451,HD
2014-07-07,0.013521730899810791,HD
2014-07-08,0.0,HD
2014-07-09,-0.9523597558339437,HD
2014-07-10,-0.9954196214675904,HD
2014-07-14,0.9996429681777954,HD
2014-07-17,0.0020719170570372425,HD
2014-07-24,0.8889145255088806,HD
2014-07-31,0.0,HD
2014-08-12,0.0016045570373535156,HD
2014-08-13,0.0,HD
2014-08-14,0.0,HD
2014-08-15,0.0,HD
2014-08-17,0.0,HD
2014-08-18,-0.9617771506309508,HD
2014-08-19,0.2027282847298516,HD
2014-08-20,0.9995674788951874,HD
2014-08-21,0.0,HD
2014-08-22,0.0,HD
2014-08-24,0.0,HD
2014-08-25,0.0,HD
2014-09-02,0.0949217826128006,HD
2014-09-03,0.0,HD
2014-09-04,0.0,HD
2014-09-05,0.9996192157268524,HD
2014-09-08,0.0,HD
2014-09-09,-0.9960959553718568,HD
2014-09-11,0.0,HD
2014-09-18,0.04802853862444556,HD
2014-09-19,0.0,HD
2014-09-23,-0.8546411395072937,HD
2014-09-24,0.9994165897369385,HD
2014-10-09,0.9992315769195556,HD
2014-10-10,0.9996844530105592,HD
2014-10-13,0.0,HD
2014-10-14,-0.9860083262125651,HD
2014-10-15,0.0,HD
2014-10-17,0.0,HD
2014-10-20,0.0,HD
2014-10-23,0.0,HD
2014-10-28,0.999612271785736,HD
2014-10-30,0.0,HD
2014-11-03,-0.9963275343179703,HD
2014-11-05,0.0,HD
2014-11-06,0.0,HD
2014-11-07,0.0,HD
2014-11-12,-0.18608874082565308,HD
2014-11-13,0.9989149570465088,HD
2014-11-16,-0.1027563214302063,HD
2014-11-17,0.0007821321487426758,HD
2014-11-18,0.15640277663866675,HD
2014-11-19,0.17500156164169323,HD
2014-11-21,0.0,HD
2014-11-22,0.0,HD
2014-11-25,0.0,HD
2014-11-26,0.0,HD
2014-12-01,-0.9987155199050904,HD
2014-12-02,0.981780767440796,HD
2014-12-05,0.9995371103286742,HD
2014-12-16,0.0,HD
2014-12-29,0.9983521699905396,HD
2014-12-30,0.9995028972625732,HD
2015-01-02,0.9992457628250122,HD
2015-01-05,0.0,HD
2015-01-07,0.9989105463027954,HD
2015-01-08,0.0,HD
2015-01-11,0.0,HD
2015-01-14,0.0,HD
2015-01-16,0.0,HD
2015-01-20,0.9993116855621338,HD
2015-01-21,0.0,HD
2015-01-26,0.9935778379440308,HD
2015-01-28,0.0,HD
2015-01-30,0.8889145255088806,HD
2015-02-10,0.0,HD
2015-02-13,0.0,HD
2015-02-17,0.0,HD
2015-02-18,0.0,HD
2015-02-23,0.015958189964294434,HD
2015-02-24,-0.03150693327188492,HD
2015-02-25,0.0010270476341247559,HD
2015-02-27,0.9909092783927916,HD
2015-03-02,0.999408483505249,HD
2015-03-03,0.0,HD
2015-03-05,0.0,HD
2015-03-10,0.0,HD
2015-03-11,0.0,HD
2015-03-13,0.0,HD
2015-03-19,0.9954948127269745,HD
2015-03-25,0.9972639083862304,HD
2015-03-26,0.0,HD
2015-03-30,0.9994617104530334,HD
2015-03-31,-0.9771782159805298,HD
2015-04-07,0.0,HD
2015-04-13,0.0,HD
2015-04-14,0.0,HD
2015-04-20,-0.9319263100624084,HD
2015-04-21,0.0,HD
2015-04-22,0.0,HD
2015-04-23,0.0,HD
2015-04-25,0.9607573747634888,HD
2015-05-06,0.0,HD
2015-05-12,0.0,HD
2015-05-17,0.0,HD
2015-05-18,-0.9917858242988586,HD
2015-05-19,0.9976068437099457,HD
2015-05-20,0.0,HD
2015-05-22,0.0,HD
2015-05-27,0.0,HD
2015-05-28,0.0,HD
2015-05-29,0.0,HD
2015-06-04,0.9958230257034302,HD
2015-06-10,0.0,HD
2015-06-12,0.9995701909065248,HD
2015-06-13,0.9995587468147278,HD
2015-06-14,0.0,HD
2015-06-15,0.9994712471961976,HD
2015-06-22,0.0,HD
2015-06-24,-0.9269660711288452,HD
2015-06-29,0.0,HD
2015-06-30,0.9995514750480652,HD
2015-07-09,0.0,HD
2015-07-10,0.0,HD
2015-07-13,0.0,HD
2015-07-20,-0.9984666109085084,HD
2015-07-22,0.0,HD
2015-08-09,0.0,HD
2015-08-10,-0.8673830628395081,HD
2015-08-12,0.9997159838676452,HD
2015-08-13,0.9993957281112672,HD
2015-08-14,0.0,HD
2015-08-16,0.0,HD
2015-08-17,-0.9984625577926636,HD
2015-08-18,-0.039830873409906986,HD
2015-08-19,0.012421905994415172,HD
2015-08-21,0.9990217685699464,HD
2015-08-25,0.0,HD
2015-08-26,0.0,HD
2015-09-01,-0.901393711566925,HD
2015-09-04,0.9985004663467408,HD
2015-09-09,0.0,HD
2015-09-16,0.0,HD
2015-09-17,0.0,HD
2015-09-18,0.0,HD
2015-09-21,0.0,HD
2015-09-24,0.0,HD
2015-09-25,0.9857128858566284,HD
2015-09-27,0.0,HD
2015-09-29,0.0,HD
2015-10-01,-0.9899571537971495,HD
2015-10-05,0.0,HD
2015-10-07,0.0,HD
2015-10-15,0.0,HD
2015-10-17,0.0,HD
2015-10-23,0.7124161720275879,HD
2015-10-30,0.0,HD
2015-11-09,-0.9984425902366638,HD
2015-11-15,0.0,HD
2015-11-16,0.9685334265232086,HD
2015-11-17,-0.08601674011775418,HD
2015-11-19,0.9993510842323304,HD
2015-11-20,0.9992315769195556,HD
2015-11-22,0.9994137287139891,HD
2015-11-23,-0.9840283989906312,HD
2015-11-24,-0.989597499370575,HD
2015-11-25,0.9994103908538818,HD
2015-11-27,0.9994090795516968,HD
2015-11-30,-0.8135917782783508,HD
2015-12-07,0.0,HD
2015-12-08,0.0,HD
2015-12-09,0.9996067881584167,HD
2015-12-17,0.0,HD
2015-12-20,0.0,HD
2015-12-22,0.99968683719635,HD
2015-12-24,0.0,HD
2015-12-28,0.0,HD
2015-12-29,0.0,HD
2015-12-31,0.0,HD
2016-01-05,0.0,HD
2016-01-08,-0.9936575293540956,HD
2016-01-11,0.8208794593811035,HD
2016-01-14,0.0,HD
2016-01-19,0.9977165460586548,HD
2016-01-24,0.0,HD
2016-01-25,0.8315272728602091,HD
2016-02-02,0.0,HD
2016-02-03,-0.9975466132164,HD
2016-02-04,0.0,HD
2016-02-08,0.0,HD
2016-02-16,0.999291479587555,HD
2016-02-17,0.9990756511688232,HD
2016-02-22,0.9996356964111328,HD
2016-02-23,0.0018362551927566528,HD
2016-02-24,0.9925173223018646,HD
2016-02-25,0.9995071887969972,HD
2016-03-01,0.0,HD
2016-03-04,0.0,HD
2016-03-08,0.9969960808753967,HD
2016-03-15,0.0,HD
2016-03-22,0.0,HD
2016-03-29,0.0,HD
2016-03-30,0.0,HD
2016-03-31,-0.9591391682624816,HD
2016-04-05,0.0,HD
2016-04-06,0.9992669224739076,HD
2016-04-18,-0.997008740901947,HD
2016-04-26,0.999242663383484,HD
2016-04-29,0.0,HD
2016-05-03,0.977256178855896,HD
2016-05-06,0.0,HD
2016-05-12,0.0,HD
2016-05-13,0.9995527863502502,HD
2016-05-15,-0.9985758066177368,HD
2016-05-16,-0.8132493495941162,HD
2016-05-17,-0.0013810183320727143,HD
2016-05-18,0.0025870800018310547,HD
2016-05-19,0.999664306640625,HD
2016-05-20,-0.9966045618057252,HD
2016-05-24,0.0,HD
2016-05-31,0.999650239944458,HD
2016-06-01,-0.9751021862030028,HD
2016-06-06,-0.9981118440628052,HD
2016-06-08,-0.9974185228347778,HD
2016-06-12,0.0,HD
2016-06-14,-0.9984241724014282,HD
2016-06-16,0.0,HD
2016-06-21,0.0,HD
2016-06-23,0.887885332107544,HD
2016-06-28,0.0,HD
2016-06-29,-0.9983704090118408,HD
2016-07-08,0.9989172220230104,HD
2016-07-11,0.0,HD
2016-07-25,0.0,HD
2016-08-02,-0.9983755350112916,HD
2016-08-14,-0.9986420273780824,HD
2016-08-15,0.992881178855896,HD
2016-08-16,0.0020972490310668945,HD
2016-08-17,0.9995664954185486,HD
2016-08-19,0.9995985627174376,HD
2016-08-24,0.9995633959770204,HD
2016-08-29,0.0,HD
2016-08-30,0.0,HD
2016-08-31,0.0,HD
2016-09-15,0.0,HD
2016-09-19,0.0,HD
2016-09-27,0.0,HD
2016-09-29,0.9994121789932252,HD
2016-10-06,0.0,HD
2016-10-07,0.0,HD
2016-10-17,0.0,HD
2016-10-18,0.0,HD
2016-10-26,-0.9961190223693848,HD
2016-10-31,-0.9941400289535522,HD
2016-11-08,0.0,HD
2016-11-10,0.0,HD
2016-11-13,0.7319401502609253,HD
2016-11-14,0.9703770875930786,HD
2016-11-15,0.09014641954785296,HD
2016-11-16,0.2628340125083922,HD
2016-11-18,-0.9971495270729064,HD
2016-11-23,-0.9980210065841676,HD
2016-11-28,0.0,HD
2016-11-29,-0.9983383417129515,HD
2016-11-30,0.0,HD
2016-12-01,0.0,HD
2016-12-05,0.0,HD
2016-12-16,0.9926121830940248,HD
2016-12-28,0.0,HD
2017-01-18,0.0,HD
2017-01-24,-0.9902756214141846,HD
2017-01-25,0.0,HD
2017-02-03,0.0,HD
2017-02-07,0.9810031652450562,HD
2017-02-10,0.9995627999305724,HD
2017-02-14,0.0,HD
2017-02-15,-0.9930070638656616,HD
2017-02-16,0.999323844909668,HD
2017-02-17,0.0,HD
2017-02-18,0.0,HD
2017-02-19,-0.9966198205947876,HD
2017-02-20,0.0,HD
2017-02-21,0.000949665904044994,HD
2017-02-22,0.9996497631072998,HD
2017-02-23,0.9863120516141256,HD
2017-02-24,0.9994540810585022,HD
2017-03-01,0.9990082383155824,HD
2017-03-02,0.9940710663795472,HD
2017-03-03,0.0,HD
2017-03-05,0.9995959401130676,HD
2017-03-06,0.999491572380066,HD
2017-03-08,0.0,HD
2017-03-09,0.0,HD
2017-03-11,0.0,HD
2017-03-16,0.0,HD
2017-03-19,0.0,HD
2017-03-20,0.0,HD
2017-03-23,0.9995595812797546,HD
2017-03-24,0.9992037415504456,HD
2017-03-30,0.0,HD
2017-03-31,0.0,HD
2017-04-11,0.0,HD
2017-04-17,0.0,HD
2017-04-22,0.0,HD
2017-04-24,0.0,HD
2017-04-25,0.0,HD
2017-05-04,0.0,HD
2017-05-11,-0.9975020289421082,HD
2017-05-12,0.0,HD
2017-05-14,0.0,HD
2017-05-15,0.0,HD
2017-05-16,0.9995488524436951,HD
2017-05-17,0.0,HD
2017-05-18,0.0,HD
2017-05-20,0.9974338412284852,HD
2017-05-21,0.0,HD
2017-05-26,0.9992274045944214,HD
2017-05-31,0.0,HD
2017-06-05,0.9994149208068848,HD
2017-06-09,-0.9983874559402466,HD
2017-06-13,0.9996674060821532,HD
2017-06-19,0.01567089557647683,HD
2017-06-28,0.0,HD
2017-06-29,0.0,HD
2017-07-06,0.0,HD
2017-07-11,-0.9979662895202636,HD
2017-07-19,-0.026607632637023815,HD
2017-07-20,0.003810793161392101,HD
2017-07-21,0.0,HD
2017-07-25,0.0,HD
2017-08-01,0.9996602535247804,HD
2017-08-13,0.9996020197868348,HD
2017-08-14,-0.9975664615631104,HD
2017-08-15,0.009337790807088298,HD
2017-08-16,0.976640005906423,HD
2017-08-20,0.0,HD
2017-08-22,0.9995892643928528,HD
2017-08-23,0.0,HD
2017-08-24,0.0,HD
2017-08-30,-0.9817980527877808,HD
2017-08-31,0.0,HD
2017-09-01,0.0,HD
2017-09-06,0.0,HD
2017-09-07,0.0,HD
2017-09-09,0.0,HD
2017-09-11,0.0,HD
2017-09-28,-0.9894495606422424,HD
2017-09-29,0.0,HD
2017-10-10,0.0,HD
2017-10-13,0.0,HD
2017-10-16,0.0,HD
2017-10-17,-0.06794083118438732,HD
2017-10-25,0.0,HD
2017-10-31,-0.9980294108390808,HD
2017-11-01,0.0,HD
2017-11-03,0.0,HD
2017-11-04,0.0,HD
2017-11-07,0.9909318685531616,HD
2017-11-08,0.0017251968383790173,HD
2017-11-13,0.0,HD
2017-11-14,0.01394583284854889,HD
2017-11-15,0.0016252398490905762,HD
2017-11-16,0.9995812773704528,HD
2017-11-17,0.0,HD
2017-11-19,0.0,HD
2017-11-21,0.0,HD
2017-11-22,0.011157751083374023,HD
2017-11-28,0.9928381741046906,HD
2017-11-30,0.0,HD
2017-12-01,0.9165258407592772,HD
2017-12-04,0.0,HD
2017-12-06,0.9973631501197815,HD
2017-12-11,-0.9978759288787842,HD
2017-12-13,0.0,HD
2017-12-18,0.9996920824050904,HD
2017-12-19,0.0,HD
2017-12-21,0.0,HD
2017-12-22,0.0,HD
2017-12-24,0.9668521881103516,HD
2018-01-02,0.0,HD
2018-01-03,0.0,HD
2018-01-05,0.0,HD
2018-01-17,0.9995198249816896,HD
2018-01-18,0.0,HD
2018-01-22,0.999653458595276,HD
2018-01-25,-0.01651516556739796,HD
2018-01-29,0.0,HD
2018-02-05,0.999632716178894,HD
2018-02-06,0.0,HD
2018-02-12,0.0,HD
2018-02-15,0.0,HD
2018-02-16,0.0,HD
2018-02-19,0.0,HD
2018-02-20,0.002386629581451527,HD
2018-02-21,0.999572455883026,HD
2018-02-22,0.999696969985962,HD
2018-02-27,0.9995181560516356,HD
2018-02-28,0.0007494091987609863,HD
2018-03-01,-0.998647153377533,HD
2018-03-02,0.0,HD
2018-03-07,0.0,HD
2018-03-09,0.0,HD
2018-03-19,-0.9965927004814148,HD
2018-03-20,-0.9983330368995668,HD
2018-03-21,0.0,HD
2018-03-23,0.0,HD
2018-03-25,0.0,HD
2018-03-26,0.0,HD
2018-03-27,0.0,HD
2018-04-02,0.9992424249649048,HD
2018-04-05,0.0,HD
2018-04-11,0.0,HD
2018-04-13,0.0,HD
2018-04-19,-0.988777220249176,HD
2018-04-24,0.9630167484283447,HD
2018-04-27,0.0,HD
2018-05-01,0.0,HD
2018-05-03,0.0,HD
2018-05-04,0.0,HD
2018-05-09,0.0,HD
2018-05-12,0.0,HD
2018-05-14,0.0,HD
2018-05-15,-0.003996988137563107,HD
2018-05-16,0.9996585845947266,HD
2018-05-18,0.0,HD
2018-05-19,0.0,HD
2018-05-22,-0.9983401298522948,HD
2018-05-23,-0.9964358806610109,HD
2018-05-31,0.9996501207351683,HD
2018-06-12,-0.997383177280426,HD
2018-06-13,0.0,HD
2018-06-15,-0.9953497052192688,HD
2018-06-19,0.0,HD
2018-06-20,0.9995577931404114,HD
2018-07-10,0.0,HD
2018-07-12,-0.9966716766357422,HD
2018-07-31,0.0,HD
2018-08-01,0.0,HD
2018-08-03,0.998536229133606,HD
2018-08-13,-0.7114563584327698,HD
2018-08-14,-0.01853853464126587,HD
2018-08-15,0.001905977725982888,HD
2018-08-21,0.0,HD
2018-08-22,0.9933678507804871,HD
2018-08-27,0.9989917874336244,HD
2018-08-28,0.999683141708374,HD
2018-09-04,0.0,HD
2018-09-05,0.0,HD
2018-09-07,0.0,HD
2018-09-11,0.0,HD
2018-09-12,0.011100322008132935,HD
2018-09-13,0.9992641806602478,HD
2018-09-26,0.0,HD
2018-10-11,-0.9769216179847716,HD
2018-10-16,0.0,HD
2018-10-17,-0.3270912766456604,HD
2018-10-19,0.9983056783676147,HD
2018-10-21,0.0,HD
2018-10-23,0.99914288520813,HD
2018-11-07,0.9995203018188475,HD
2018-11-09,-0.9977256655693054,HD
2018-11-12,0.0,HD
2018-11-13,0.00046105682849884033,HD
2018-11-14,0.9994095265865326,HD
2018-11-15,0.9986198544502258,HD
2018-11-16,-0.012743175029754639,HD
2018-11-17,0.0,HD
2018-11-18,0.0,HD
2018-11-19,-0.997109591960907,HD
2018-11-20,-0.08084106445312522,HD
2018-11-21,-0.9975798726081848,HD
2018-11-27,0.0,HD
2018-11-28,0.0,HD
2018-11-30,0.0,HD
2018-12-10,0.0,HD
2018-12-11,0.0,HD
2018-12-12,0.49517327547073364,HD
2018-12-18,0.996800422668457,HD
2018-12-21,0.0,HD
2018-12-23,0.0,HD
2019-01-08,0.999543309211731,HD
2019-01-16,-0.8885748982429504,HD
2019-01-18,0.9996473789215088,HD
2019-02-01,0.9990578293800354,HD
2019-02-13,0.0,HD
2019-02-25,0.0,HD
2019-02-26,0.009643346071243286,HD
2019-02-27,-0.051232705513636345,HD
2019-03-03,0.0,HD
2019-03-04,0.0,HD
2019-03-05,0.9987226128578186,HD
2019-03-06,0.998849630355835,HD
2019-03-13,0.0,HD
2019-03-20,0.9995965361595154,HD
2019-03-26,0.0,HD
2019-03-27,0.0,HD
2019-03-28,0.0,HD
2019-03-29,0.0,HD
2019-04-01,0.9992727637290956,HD
2019-04-05,0.0,HD
2019-04-15,-0.9813366532325744,HD
2019-04-23,0.9995076060295105,HD
2019-04-30,0.0,HD
2019-05-02,0.9996919631958008,HD
2019-05-05,0.0,HD
2019-05-08,0.0,HD
2019-05-09,0.0,HD
2019-05-20,-0.9665434956550598,HD
2019-05-21,0.02652231454849241,HD
2019-05-22,0.9992155432701111,HD
2019-05-23,0.6561977863311768,HD
2019-05-25,0.0,HD
2019-05-27,-0.995997428894043,HD
2019-06-04,0.999536633491516,HD
2019-06-09,0.0,HD
2019-06-14,0.0,HD
2019-06-17,0.9995577931404114,HD
2019-07-01,0.9994839429855348,HD
2019-07-09,-0.8359638452529907,HD
2019-07-10,0.0,HD
2019-07-11,0.0,HD
2019-07-16,-0.9942760765552521,HD
2019-07-19,0.0,HD
2019-07-24,0.0,HD
2019-08-07,-0.9982019662857056,HD
2019-08-09,-0.47980183362960804,HD
2019-08-14,0.9996973276138306,HD
2019-08-19,0.993703067302704,HD
2019-08-20,-0.01784469187259674,HD
2019-08-21,7.607042789459229e-05,HD
2019-08-22,0.02214244008064281,HD
2019-08-26,0.0,HD
2019-08-27,0.0,HD
2019-08-29,0.9964866638183594,HD
2019-08-30,0.0,HD
2019-09-03,-0.994338721036911,HD
2019-09-06,0.0,HD
2019-09-11,0.0,HD
2019-09-13,0.999565064907074,HD
2019-09-17,-0.9968420267105104,HD
2019-09-18,0.9875735640525818,HD
2019-09-19,-0.974735677242279,HD
2019-09-25,0.9996963739395142,HD
2019-09-26,0.0,HD
2019-10-04,-0.9985470175743104,HD
2019-10-07,0.0,HD
2019-10-08,0.9994589686393738,HD
2019-10-11,0.9989919066429138,HD
2019-10-17,0.9955268502235411,HD
2019-10-21,0.9939233660697936,HD
2019-11-01,0.0,HD
2019-11-04,0.0,HD
2019-11-05,0.9994733730951945,HD
2019-11-06,0.9966565072536469,HD
2019-11-08,0.0,HD
2019-11-11,-0.08039534091949452,HD
2019-11-13,0.0,HD
2019-11-14,-0.9821286201477052,HD
2019-11-15,0.005301833152770774,HD
2019-11-17,0.0,HD
2019-11-18,0.99953293800354,HD
2019-11-19,0.009127432107925437,HD
2019-11-20,0.00900145769119265,HD
2019-11-21,0.9994729161262512,HD
2019-11-23,0.0,HD
2019-11-25,0.9993138313293456,HD
2019-11-26,0.9907070398330688,HD
2019-11-27,-0.9983693957328796,HD
2019-11-29,0.5019363164901733,HD
2019-12-03,0.0,HD
2019-12-09,0.0,HD
2019-12-11,0.8424072265625,HD
2019-12-12,0.0018391041528611485,HD
2019-12-13,0.0,HD
2019-12-17,0.0,HD
2019-12-20,0.0,HD
2019-12-21,0.0,HD
2019-12-22,0.0,HD
2020-01-07,0.9988644123077391,HD
2020-01-16,0.0,HD
2020-01-22,-0.9821286201477052,HD
2020-01-23,0.0,HD
2020-01-29,-0.9982048273086548,HD
2020-02-05,0.0,HD
2020-02-07,0.0,HD
2020-02-10,0.0,HD
2020-02-11,0.9955780506134032,HD
2020-02-14,0.004671633243560791,HD
2020-02-18,0.9955780506134032,HD
2020-02-20,0.0,HD
2020-02-21,0.019216954708099365,HD
2020-02-24,-0.9973351359367372,HD
2020-02-25,0.0019046589732170105,HD
2020-02-26,0.10950704813003542,HD
2020-02-28,-0.9985106587409972,HD
2020-03-03,0.0,HD
2020-03-04,0.9891069829463959,HD
2020-03-06,-0.9977329969406128,HD
2020-03-09,-0.998725950717926,HD
2020-03-10,0.999350607395172,HD
2020-03-11,-0.0010114709536234168,HD
2020-03-12,0.0010703802108764648,HD
2020-03-15,0.0,HD
2020-03-16,-0.9986796975135804,HD
2020-03-17,0.999248206615448,HD
2020-03-18,0.0,HD
2020-03-19,0.9994235038757324,HD
2020-03-20,0.9996402263641356,HD
2020-03-21,0.0,HD
2020-03-23,-0.9922290742397308,HD
2020-03-24,0.9995406866073608,HD
2020-04-01,0.0010736584663391113,HD
2020-04-02,0.9993014931678772,HD
2020-04-04,0.0,HD
2020-04-06,0.9995477795600892,HD
2020-04-07,0.9994582533836364,HD
2020-04-09,0.00498706102371238,HD
2020-04-14,0.9996507167816162,HD
2020-04-15,-0.998749017715454,HD
2020-04-16,0.9991973042488098,HD
2020-04-17,0.9996618032455444,HD
2020-04-18,0.0,HD
2020-04-22,-0.09492981433868397,HD
2020-04-24,0.0,HD
2020-04-25,0.0,HD
2020-04-27,0.9996089339256288,HD
2020-04-29,-0.997937560081482,HD
2020-05-01,0.0,HD
2020-05-04,0.9996362924575806,HD
2020-05-05,0.0,HD
2020-05-07,0.9996323585510254,HD
2020-05-12,-0.9937483072280884,HD
2020-05-13,0.9995829463005066,HD
2020-05-15,0.9995854496955872,HD
2020-05-18,0.9939233660697936,HD
2020-05-19,0.003037919600804684,HD
2020-05-20,0.9996172135526483,HD
2020-05-21,-0.9821286201477052,HD
2020-05-23,0.0,HD
2020-05-25,-0.99523663520813,HD
2020-05-28,0.9955268502235411,HD
2020-06-05,0.9989919066429138,HD
2020-06-10,0.9995660185813904,HD
